{
    "RandomForest": {
        "accuracy": 0.9998892408568327,
        "report": {
            "BENIGN": {
                "precision": 0.9998464609243052,
                "recall": 0.9998976353772137,
                "f1-score": 0.9998720474959695,
                "support": 19538.0
            },
            "DDoS": {
                "precision": 0.9999218872051242,
                "recall": 0.9998828353837141,
                "f1-score": 0.9999023609131208,
                "support": 25605.0
            },
            "accuracy": 0.9998892408568327,
            "macro avg": {
                "precision": 0.9998841740647146,
                "recall": 0.999890235380464,
                "f1-score": 0.9998872042045451,
                "support": 45143.0
            },
            "weighted avg": {
                "precision": 0.9998892425276626,
                "recall": 0.9998892408568327,
                "f1-score": 0.9998892411925815,
                "support": 45143.0
            }
        },
        "confusion_matrix": [
            [
                19536,
                2
            ],
            [
                3,
                25602
            ]
        ]
    },
    "SVM": {
        "accuracy": 0.9985379793101921,
        "report": {
            "BENIGN": {
                "precision": 0.9987193935047639,
                "recall": 0.9979015252328796,
                "f1-score": 0.9983102918586789,
                "support": 19538.0
            },
            "DDoS": {
                "precision": 0.99839975020491,
                "recall": 0.9990236281976177,
                "f1-score": 0.9987115917698044,
                "support": 25605.0
            },
            "accuracy": 0.9985379793101921,
            "macro avg": {
                "precision": 0.998559571854837,
                "recall": 0.9984625767152486,
                "f1-score": 0.9985109418142417,
                "support": 45143.0
            },
            "weighted avg": {
                "precision": 0.9985380926011297,
                "recall": 0.9985379793101921,
                "f1-score": 0.9985379081939773,
                "support": 45143.0
            }
        },
        "confusion_matrix": [
            [
                19497,
                41
            ],
            [
                25,
                25580
            ]
        ]
    },
    "NeuralNetwork": {
        "accuracy": 0.9995569634273309,
        "report": {
            "BENIGN": {
                "precision": 0.9993348342202211,
                "recall": 0.9996417238202477,
                "f1-score": 0.9994882554628729,
                "support": 19538.0
            },
            "DDoS": {
                "precision": 0.9997265518184304,
                "recall": 0.9994922866627611,
                "f1-score": 0.9996094055151942,
                "support": 25605.0
            },
            "accuracy": 0.9995569634273309,
            "macro avg": {
                "precision": 0.9995306930193257,
                "recall": 0.9995670052415044,
                "f1-score": 0.9995488304890335,
                "support": 45143.0
            },
            "weighted avg": {
                "precision": 0.9995570154908975,
                "recall": 0.9995569634273309,
                "f1-score": 0.9995569714784166,
                "support": 45143.0
            }
        },
        "confusion_matrix": [
            [
                19531,
                7
            ],
            [
                13,
                25592
            ]
        ]
    }
}